xdata,ydata
-2,0.699369
-1.64,0.700462
-1.33,0.695354
-0.7,1.03905
0,1.97389
0.45,2.41143
1.2,1.91091
1.64,0.919576
2.32,-0.730975
2.9,-1.42001
